StudyID,Baseline,Tissue
CRC001,0,1
CRC004,0,0
CRC006,0,1
CRC007,0,2
CRC008,3,3
CRC009,0,4
CRC010,2,2
CRC013,0,1
CRC016,0,0
CRC019,4,2
CRC020,0,1
CRC022,2,5
CRC025,0,1
CRC030,2,3
CRC031,3,2
CRC032,2,3
CRC033,1,3
CRC035,3,4
CRC036,4,3
CRC037,1,5
CRC038,2,3
CRC039,0,2
CRC040,0,6
CRC042,0,2
CRC044,2,3
CRC046,3,5
CRC051,1,3
CRC052,2,3
CRC060,0,2
CRC062,3,4
CRC063,0,1
CRC065,2,2
CRC066,2,2
CRC068,3,3
CRC069,3,4
CRC070,4,3
CRC071,2,2
CRC073,0,2
CRC074,2,4
CRC077,1,1
CRC078,2,3
CRC079,2,4
CRC080,4,3
CRC082,1,1
CRC083,4,3
CRC085,0,1
CRC086,0,4
CRC089,4,6
CRC090,1,3
CRC092,0,3
CRC094,5,3
CRC095,0,2
CRC096,1,1
CRC097,1,2
CRC098,1,1
CRC099,0,2
CRC100,7,3
CRC101,2,2
CRC102,3,4
CRC103,0,2
CRC104,1,3
CRC105,2,2
CRC108,1,2
CRC110,1,3
CRC111,4,4
CRC113,2,3
CRC119,1,5
CRC124,0,2
CRC129,3,4
CRC133,2,2
CRC135,1,0
CRC137,0,3
CRC146,1,2
CRC147,4,3
CRC154,3,3
CRC158,4,4
CRC159,3,4
CRC164,4,3
CRC168,0,0
CRC169,3,4
CRC182,3,4
CRC183,2,3
CRC190,2,2
CRC208,3,5
